Name ,Franchise,Watch Date,Release Date,Critic Rating,Audience Rating,My Rating,Trailer
Stranger Things Season 5,Stranger Things,N/A,11/26/2025,N/A,N/A,N/A,https://www.youtube.com/watch?v=D8Qxxq0Oh9M
The Hangover Part III,N/A,12/4/2025,5/20/2013,21%,44%,2/5,https://www.youtube.com/watch?v=96TelFMZwHc
The Hangover Part II,N/A,12/3/2025,5/19/2011,35%,52%,2.5/5,https://www.youtube.com/watch?v=ohF5ZO_zOYU
Dhoom 2,Bollywood,12/2/2025,11/24/2006,93%,77%,4.5/5,https://www.youtube.com/watch?v=oRIIeyIa6nE
Stranger Things Season 4,Stranger Things,11/27/2025,5/27/2022,89%,89%,4/5,https://www.youtube.com/watch?v=a3thyAnShck
Stranger Things Season 3,Stranger Things,11/25/2025,7/4/2019,89%,86%,4/5,https://www.youtube.com/watch?v=6Am4v0C_z8c
Stranger Things Season 2,Stranger Things,11/24/2025,10/27/2017,94%,90%,3.5/5,https://www.youtube.com/watch?v=R1ZXOOLMJ8s
Stranger Things Season 1,Stranger Things,11/19/2025,7/15/2016,97%,96%,4.5/5,https://www.youtube.com/watch?v=mnd7sFt5c3A
Frankenstein,N/A,11/15/2025,11/7/2025,85%,95%,4/5,https://www.youtube.com/watch?v=x--N03NO130
A Very Jonas Christmas Movie,N/A,11/14/2025,11/14/2025,N/A,N/A,1/5,https://www.youtube.com/watch?v=oOOdswIJJYU
Now You See Me: Now You Don't,Now You See Me,11/13/2025,11/14/2025,58%,83%,2.5/5,https://www.youtube.com/watch?v=-E3lMRx7HRQ
Ford v Ferrari,N/A,11/8/2025,8/30/2019,92%,98%,4.5/5,https://www.youtube.com/watch?v=zyYgDtY2AMY
Housefull 3,Housefull,11/3/2025,6/3/2016,23%,47%,1/5,https://www.youtube.com/watch?v=TlZM9kuqw38
One Battle After Another,N/A,10/29/2025,9/26/2025,95%,85%,4.5/5,https://www.youtube.com/watch?v=hg8AGTyYMBA
Tenet,N/A,10/24/2025,9/3/2020,70%,76%,3/5,https://www.youtube.com/watch?v=LdOM0x0XDMo
Sunny Sanskari Ki Tulsi Kumari,Bollywood,10/15/2025,10/2/2025,25%,N/A,2/5,https://www.youtube.com/watch?v=9FUd-D4FWjw
The Maze Runner,N/A,10/13/2025,9/19/2014,66%,68%,4/5,https://www.youtube.com/watch?v=AwwbhhjQ9Xk
A Nice Indian Boy,N/A,10/6/2025,4/4/2025,95%,97%,4/5,https://www.youtube.com/watch?v=wkbyxebDrjA
Liar Liar,N/A,9/30/2025,3/18/1997,83%,75%,3/5,https://www.youtube.com/watch?v=C1no75lpOiw
We're the Millers,N/A,9/30/2025,8/7/2013,48%,77%,3.5/5,https://www.youtube.com/watch?v=0Vsy5KzsieQ
TRON: Legacy,N/A,9/25/2025,12/17/2010,51%,64%,4.5/5,https://www.youtube.com/watch?v=P78pl1FUXfA
The Ba***ds of Bollywood,Bollywood,9/23/2025,9/18/2025,89%,84%,3/5,https://www.youtube.com/watch?v=J-0f7teDD2I
The Long Walk,N/A,9/18/25,9/12/25,88%,85%,3.5/5,https://www.youtube.com/watch?v=vAtUHeMQ1F8
Self/less,N/A,9/17/2025,7/10/2015,18%,46%,2.5/5,https://www.youtube.com/watch?v=3agaVwt0tb8
TRON,N/A,9/15/25,7/9/82,60%,69%,4/5,https://www.youtube.com/watch?v=EtyHX7z8fi8
Palm Springs,N/A,9/14/25,7/10/20,94%,89%,3.5/5,https://www.youtube.com/watch?v=CpBLtXduh_k
Happy Gilmore,N/A,9/12/2025,2/16/1996,65%,85%,3/5,https://www.youtube.com/watch?v=y1emDAYCfVQ
The Founder,N/A,9/10/2025,12/16/2016,80%,82%,4/5,https://www.youtube.com/watch?v=AX2uz2XYkbo
Now You See Me 2,Now You See Me,8/16/25,6/10/16,34%,53%,3.5/5,https://www.youtube.com/watch?v=4I8rVcSQbic
Now You See Me,Now You See Me,8/10/25,5/31/13,51%,70%,3.5/5,https://www.youtube.com/watch?v=C2NWGAqZhF4
The Naked Gun,N/A,8/2/25,8/1/25,88%,73%,3.5/5,https://www.youtube.com/watch?v=uLguU7WLreA
Dune,N/A,8/2/25,10/22/21,83%,90%,4/5,https://www.youtube.com/watch?v=n9xhJrPXop4
Sanju,Bollywood,7/28/2025,6/29/2018,41%,83%,4/5,https://www.youtube.com/watch?v=1J76wN0TPI4
Wicked,N/A,7/26/2025,11/22/2024,88%,95%,4/5,https://www.youtube.com/watch?v=6COmYeLsz4c
The Terminator,N/A,7/20/2025,10/26/1984,100%,89%,4/5,https://www.youtube.com/watch?v=nGrW-OR2uDk
Love & Other Drugs,N/A,7/19/2025,11/24/2010,49%,53%,3/5,https://www.youtube.com/watch?v=h6w7Dh-QxzY
Tropic Thunder,N/A,7/19/2025,8/13/2008,82%,71%,3.5/5,https://www.youtube.com/watch?v=9Pl4JNnqNaE
Mickey 17,N/A,7/18/2025,3/7/2025,77%,73%,4/5,https://www.youtube.com/watch?v=osYpGSz_0i4
A Quiet Place Part II,N/A,7/16/2025,5/28/2021,91%,92%,4.5/5,https://www.youtube.com/watch?v=BpdDN9d9Jio
A Quiet Place,N/A,7/15/2025,4/6/2018,96%,83%,4/5,https://www.youtube.com/watch?v=WR7cc5t7tv8
The Hangover,N/A,7/14/2025,6/5/2009,79%,84%,3.5/5,https://www.youtube.com/watch?v=tcdUhdOlz9M
F1,N/A,7/7/2025,6/27/2025,82%,97%,5/5,https://www.youtube.com/watch?v=8yh9BPUBbbQ
Jurassic World Rebirth,N/A,7/6/2025,7/2/2025,50%,71%,2/5,https://www.youtube.com/watch?v=jan5CFWs9ic
Brokeback Mountain,N/A,6/28/2025,12/9/2005,88%,82%,3/5,https://www.youtube.com/watch?v=U5D1iU5KnqQ
How to Train Your Dragon,N/A,6/27/2025,6/13/2025,77%,97%,4.5/5,https://www.youtube.com/watch?v=22w7z_lT6YM
Housefull 5,Housefull,6/11/2025,6/6/2025,13%,52%,0.5/5,https://www.youtube.com/watch?v=xGQuT1wm2qk
Lilo & Stitch,N/A,6/9/2025,5/23/2025,72%,92%,4.5/5,https://www.youtube.com/watch?v=VWqJifMMgZE
John Wick,N/A,6/4/2025,10/24/2014,86%,82%,3.5/5,https://www.youtube.com/watch?v=C0BMx-qxsP4
Sinners,N/A,4/25/2025,4/18/2025,97%,96%,4.5/5,https://www.youtube.com/watch?v=bKGxHflevuk
A Minecraft Movie,N/A,4/20/2025,4/4/2025,47%,85%,3/5,https://www.youtube.com/watch?v=8B1EtVPBSMw
Everything Everywhere All at Once,N/A,N/A,4/8/2022,93%,79%,5/5,https://www.youtube.com/watch?v=wxN1T1uxQ2g
Big Hero 6,N/A,N/A,11/7/2014,90%,91%,5/5,https://www.youtube.com/watch?v=z3biFxZIJOQ
Back to the Future,Back To The Future,N/A,7/3/1985,93%,95%,4/5,https://www.youtube.com/watch?v=qvsgGtivCgs
Back to the Future Part II,Back To The Future,N/A,11/22/1989,63%,86%,3.5/5,https://www.youtube.com/watch?v=MdENmefJRpw
Back to the Future Part III,Back To The Future,N/A,5/25/1990,79%,78%,5/5,https://www.youtube.com/watch?v=3C8c3EoEfw4
Parasite,N/A,N/A,10/11/2019,99%,90%,4.5/5,https://www.youtube.com/watch?v=5xH0HfJHsaY
The Super Mario Bros Movie,N/A,N/A,4/5/2023,59%,95%,4.5/5,https://www.youtube.com/watch?v=TnGl01FkMMo
Madagascar,N/A,N/A,5/27/2005,55%,67%,4.5/5,https://www.youtube.com/watch?v=fq5zU9T_Hl4
Main Tera Hero,Bollywood,N/A,4/4/2014,33%,41%,4.5/5,https://www.youtube.com/watch?v=BLWsDKRwIL4
Interstellar,N/A,N/A,10/26/2014,73%,87%,4/5,https://www.youtube.com/watch?v=2LqzF5WauAw
Whiplash,N/A,N/A,1/16/2014,94%,94%,4/5,https://www.youtube.com/watch?v=7d_jQycdQGo
Oppenheimer,N/A,N/A,7/21/2023,93%,91%,4/5,https://www.youtube.com/watch?v=uYPbbksJxIg
The Perks of Being a Wallflower,N/A,N/A,11/21/2012,85%,89%,4/5,https://www.youtube.com/watch?v=n5rh7O4IDc0
The Social Network,N/A,N/A,10/1/2010,96%,87%,4/5,https://www.youtube.com/watch?v=lB95KLmpLR4
Zootopia,N/A,N/A,3/4/2016,98%,92%,4/5,https://www.youtube.com/watch?v=jWM0ct-OLsM
Twisters,N/A,N/A,7/19/2024,75%,90%,4/5,https://www.youtube.com/watch?v=wdok0rZdmx4
BlacKkKlansman,N/A,N/A,8/10/2018,96%,83%,4/5,https://www.youtube.com/watch?v=pFc6I0rgmgY
Free Guy,N/A,N/A,8/13/2021,80%,94%,4/5,https://www.youtube.com/watch?v=X2m-08cOAbc
Lilo and Stitch,N/A,N/A,6/16/2002,86%,78%,4/5,https://www.youtube.com/watch?v=9OAC55UWAQs
Megamind,N/A,N/A,11/5/2010,73%,72%,4/5,https://www.youtube.com/watch?v=ead9HCX9fe4
Night at the Museum,N/A,N/A,12/17/2006,42%,67%,4/5,https://www.youtube.com/watch?v=Ltba1_-tRT4
Grown Ups,N/A,N/A,6/25/2010,10%,62%,4/5,https://www.youtube.com/watch?v=e01NVCveGkg
Jumanji,N/A,N/A,12/15/1995,53%,63%,4/5,https://www.youtube.com/watch?v=eTjDsENDZ6s
Aladdin,N/A,N/A,5/25/2019,57%,94%,4/5,https://www.youtube.com/watch?v=-G5XI61Y9ms
Sonic the Hedgehog,Sonic,N/A,2/14/2020,64%,93%,4/5,https://www.youtube.com/watch?v=szby7ZHLnkA
Rio,N/A,N/A,4/15/2011,72%,71%,4/5,https://www.youtube.com/watch?v=P1GRO31ve5Q
The Lorax,N/A,N/A,3/2/2012,53%,63%,4/5,https://www.youtube.com/watch?v=dNMBVVdrMKo
Road House,N/A,N/A,3/21/2024,59%,52%,4/5,https://www.youtube.com/watch?v=Y0ZsLudtfjI
Extraction,N/A,N/A,4/24/2020,67%,72%,4/5,https://www.youtube.com/watch?v=L6P3nI6VnlY
Phineas and Ferb The Movie: Across the 2nd Dimension,N/A,N/A,5/5/2011,100%,81%,4/5,https://www.youtube.com/watch?v=__3gdWwiJ-A
Zindagi Na Milegi Dobara,Bollywood,N/A,7/15/2011,89%,86%,4/5,https://www.youtube.com/watch?v=FJrpcDgC3zU&t=24s
Barbie,N/A,N/A,7/21/2023,88%,83%,3.5/5,https://www.youtube.com/watch?v=1Vnghdsjmd0
Midsommar,N/A,N/A,7/3/2019,83%,63%,3.5/5,https://www.youtube.com/watch?v=1Vnghdsjmd0
10 Things I Hate About You,N/A,N/A,3/31/1999,72%,69%,3.5/5,https://www.youtube.com/watch?v=uE7qjQlfoRs
The Wolf of Wall Street,N/A,N/A,12/25/2013,79%,83%,3.5/5,https://www.youtube.com/watch?v=iszwuX1AK6A
Us,N/A,N/A,3/22/2019,93%,61%,3.5/5,https://www.youtube.com/watch?v=hNCmb-4oXJA
Avatar,N/A,N/A,12/18/2009,81%,82%,3.5/5,https://www.youtube.com/watch?v=5PSNL1qE6VY&t=5s
Avatar: The Way of Water,N/A,N/A,12/16/2022,76%,92%,3.5/5,https://www.youtube.com/watch?v=1f65r8BUZ5I
Anyone But You,N/A,N/A,12/22/2023,53%,87%,3.5/5,https://www.youtube.com/watch?v=UtjH6Sk7Gxs
Moana,N/A,N/A,11/23/2016,95%,89%,3.5/5,https://www.youtube.com/watch?v=LKFuXETZUsI
Charlie and the Chocolate Factory,N/A,N/A,7/10/2005,83%,51%,3.5/5,https://www.youtube.com/watch?v=OFVGCUIXJls
Fall Guy,N/A,N/A,5/3/2024,82%,84%,3.5/5,https://www.youtube.com/watch?v=j7jPnwVGdZ8
21 Jump Street,N/A,N/A,3/16/2012,85%,83%,3.5/5,https://www.youtube.com/watch?v=Oj55KinxZx4
Monkey Man,N/A,N/A,4/5/2024,89%,81%,3.5/5,https://www.youtube.com/watch?v=g8zxiB5Qhsc
Hercules,N/A,N/A,6/13/1997,83%,76%,3.5/5,https://www.youtube.com/watch?v=vlblxDGoGwo
Hit Man,N/A,N/A,5/24/2024,95%,89%,3.5/5,https://www.youtube.com/watch?v=0g4cJ4NE8HA
The Mask,N/A,N/A,7/29/1994,80%,68%,3.5/5,https://www.youtube.com/watch?v=LZl69yk5lEY
The Adam Project,N/A,N/A,3/9/2022,68%,73%,3.5/5,https://www.youtube.com/watch?v=IE8HIsIrq4o
Diary of a Wimpy Kid,N/A,N/A,3/18/2010,54%,50%,3.5/5,https://www.youtube.com/watch?v=7ZVEIgPeDCE
National Treasure,N/A,N/A,11/19/2004,47%,76%,3.5/5,https://www.youtube.com/watch?v=vqUPxNT8io4
2012,N/A,N/A,11/13/2009,40%,47%,3.5/5,https://www.youtube.com/watch?v=sFXGrTng0gQ
Pixels,N/A,N/A,7/24/2015,18%,46%,3.5/5,https://www.youtube.com/watch?v=XAHprLW48no
Boss Baby,N/A,N/A,3/31/2017,53%,51%,3.5/5,https://www.youtube.com/watch?v=qjMYUQwBG0w
Central Intelligence,N/A,N/A,6/10/2016,71%,62%,3.5/5,https://www.youtube.com/watch?v=MxEw3elSJ8M
Extraction 2,N/A,N/A,6/9/2023,80%,84%,3.5/5,https://www.youtube.com/watch?v=Y274jZs5s7s
The Smurfs,N/A,N/A,7/29/2011,21%,43%,3.5/5,https://www.youtube.com/watch?v=yhBpgqXwrt8
Garfield The Movie,N/A,N/A,6/11/2004,14%,38%,3.5/5,https://www.youtube.com/watch?v=5g1SLGRM6qU
Diary of a Wimpy Kid: Dog Days,N/A,N/A,8/2/2012,52%,63%,3.5/5,https://www.youtube.com/watch?v=1-ixtBsoq2M
Teenage Mutant Ninja Turtles,N/A,N/A,8/8/2014,20%,50%,3.5/5,https://www.youtube.com/watch?v=VZZ0PnDZdZk
Saltburn,N/A,N/A,11/22/2023,72%,79%,3/5,https://www.youtube.com/watch?v=lALMdJf6UUE
Baby Driver,N/A,N/A,3/11/2017,92%,86%,3/5,https://www.youtube.com/watch?v=zTvJJnoWIPk
The Hunger Games,N/A,N/A,3/23/2012,84%,81%,3/5,https://www.youtube.com/watch?v=mfmrPu43DF8
Smile,N/A,N/A,9/30/2022,80%,77%,3/5,https://www.youtube.com/watch?v=BcDK7lkzzsU
Kingsman: The Secret Service,N/A,N/A,2/13/2015,75%,84%,3/5,https://www.youtube.com/watch?v=m4NCribDx4U
Scooby Doo,N/A,N/A,6/8/2002,32%,41%,3/5,https://www.youtube.com/watch?v=o3dbeI0BU1k
Bee Movie,N/A,N/A,11/2/2007,49%,53%,3/5,https://www.youtube.com/watch?v=wz5dWmmqwN4
Sausage Party,N/A,N/A,8/12/2016,82%,50%,3/5,https://www.youtube.com/watch?v=9VoNgLnjzVg
Jumanji: The Next Level,N/A,N/A,12/13/2019,72%,87%,3/5,https://www.youtube.com/watch?v=rBxcF-r9Ibs
Borat Subsequent Moviefilm,N/A,N/A,10/23/2020,85%,62%,3/5,https://www.youtube.com/watch?v=JvPTCvUnNQA
Grown Ups 2,N/A,N/A,7/12/2013,8%,53%,3/5,https://www.youtube.com/watch?v=Sq5CIH0duMk
The Day After Tomorrow,N/A,N/A,5/28/2004,45%,50%,3/5,https://www.youtube.com/watch?v=Ku_IseK3xTc
The Dictator,N/A,N/A,5/16/2012,56%,45%,3/5,https://www.youtube.com/watch?v=cYplvwBvGA4
SPY Kids,N/A,N/A,3/18/2001,92%,47%,3/5,https://www.youtube.com/watch?v=GE5aHKJp6HI
Ted 2,N/A,N/A,6/26/2015,45%,50%,3/5,https://www.youtube.com/watch?v=S3AVcCggRnU
Not Another Teen Movie,N/A,N/A,12/7/2001,32%,55%,3/5,https://www.youtube.com/watch?v=f1sbQf58B50
3 Idiots,Bollywood,N/A,12/23/2009,100%,93%,3/5,https://www.youtube.com/watch?v=xvszmNXdM4w
Daddy's Home,N/A,N/A,12/25/2015,30%,50%,3/5,https://www.youtube.com/watch?v=OeknNwE4e1E
Journey to the Center of Earth,N/A,N/A,7/11/2008,59%,50%,3/5,https://www.youtube.com/watch?v=GKq7QlNz3CA
Angry Birds,N/A,N/A,5/20/2016,44%,47%,3/5,https://www.youtube.com/watch?v=QRmKa7vvct4
Hot Tub Time Machine,N/A,N/A,3/26/2010,64%,56%,3/5,https://www.youtube.com/watch?v=Bbkr8_-Hehk
Spongebob: Sponge Out Of Water,N/A,N/A,1/28/2015,80%,54%,3/5,https://www.youtube.com/watch?v=TGjbpO1toTc
Mean Girls,N/A,N/A,4/20/2004,84%,66%,2.5/5,https://www.youtube.com/watch?v=oDU84nmSDZY
Bullet Train,N/A,N/A,5/5/2022,52%,76%,2.5/5,https://www.youtube.com/watch?v=1dVtDp5pCyk
Alien Romulus,N/A,N/A,8/16/2024,80%,85%,2.5/5,https://www.youtube.com/watch?v=OzY2r2JXsDM
Ted,N/A,N/A,6/29/2012,69%,73%,2.5/5,https://www.youtube.com/watch?v=9fbo_pQvU7M
Red One,N/A,N/A,11/15/2024,30%,89%,2.5/5,https://www.youtube.com/watch?v=U8XH3W0cMss
Baywatch,N/A,N/A,5/25/2017,18%,55%,2.5/5,https://www.youtube.com/watch?v=eyKOgnaf0BU
X,N/A,N/A,3/18/2022,94%,76%,2/5,https://www.youtube.com/watch?v=Awg3cWuHfoc
Bottoms,N/A,N/A,8/25/2023,91%,89%,2/5,https://www.youtube.com/watch?v=vH5NAahf76s
Uncharted,N/A,N/A,1/28/2022,41%,89%,2/5,https://www.youtube.com/watch?v=eHp3MbsCbMg
The Interview,N/A,N/A,12/25/2014,51%,48%,2/5,https://www.youtube.com/watch?v=DkJA1rb8Nxo
Tag,N/A,N/A,6/15/2018,55%,57%,2/5,https://www.youtube.com/watch?v=kjC1zmZo30U
Sky High,N/A,N/A,7/29/2005,74%,57%,2/5,https://www.youtube.com/watch?v=G7aMWVN1ThM
Adventures of Sharkboy and Lavagirl,N/A,N/A,6/10/2005,20%,34%,2/5,https://www.youtube.com/watch?v=GHheHLDGy4w
National Treasure: Book of Secrets,N/A,N/A,12/21/2007,35%,67%,2/5,https://www.youtube.com/watch?v=UI0EQsDrLOA
Booksmart,N/A,N/A,5/24/2019,96%,77%,1.5/5,https://www.youtube.com/watch?v=VjGJm3wV5-I
Hancock,N/A,N/A,7/2/2008,42%,59%,1.5/5,https://www.youtube.com/watch?v=KS5E8r82l2g
Percy Jackson: Sea of Monsters,N/A,N/A,8/7/2013,42%,54%,1/5,https://www.youtube.com/watch?v=0JH6zvsNEDI
Cocaine Bear,N/A,N/A,2/24/2023,65%,71%,3/5,
The Black Phone,N/A,N/A,6/24/2022,81%,88%,4/5,
Kingsman: The Golden Circle,N/A,N/A,9/22/2017,51%,64%,2.5/5,
Sonic the Hedgehog 2,Sonic,N/A,4/8/2022,69%,96%,4.5/5,
Sonic the Hedgehog 3,Sonic,N/A,12/20/2024,86%,95%,4.5/5,
Why Him,N/A,N/A,12/23/2016,40%,51%,2.5/5,
Daddy's Home 2,N/A,N/A,11/10/2017,21%,51%,2/5,
Inception,N/A,N/A,7/13/2010,87%,91%,4.5/5,
The Wizard of Oz,N/A,N/A,8/25/1939,98%,89%,4.5/5,
Super Size Me,N/A,N/A,5/7/2004,92%,72%,4/5,
Top Gun,N/A,N/A,5/16/1986,59%,83%,3.5/5,
Superhero Movie,N/A,N/A,3/28/2008,17%,32%,1.5/5,
Expelled,N/A,N/A,12/12/2014,N/A,53%,1/5,
Mortal Kombat,N/A,N/A,4/23/2021,55%,85%,2/5,
The Polar Express,N/A,N/A,11/10/2004,55%,64%,3/5,
Spy Kids 2: The Island of Lost Dreams,N/A,N/A,8/7/2002,75%,40%,2.5/5,
Spy Kids 3: Game Over,N/A,N/A,7/25/2003,45%,25%,1/5,
Rango,N/A,N/A,3/4/2011,88%,70%,4/5,
Turbo,N/A,N/A,7/17/2013,68%,65%,3.5/5,
Cloudy With A Chance of Meatballs,N/A,N/A,9/18/2009,85%,72%,3/5,
Hotel Transylvania,N/A,N/A,9/28/2012,45%,72%,3.5/5,
Cloudy With A Chance of Meatballs 2,N/A,N/A,9/27/2013,71%,66%,2.5/5,
Jawan,Bollywood,N/A,9/7/2023,89%,85%,3/5,
Dunki,Bollywood,N/A,12/21/2023,46%,74%,1.5/5,
Kabhi Khushi Kabhie Gham,Bollywood,N/A,12/14/2001,100%,88%,2/5,
Om Shanti Om,Bollywood,N/A,12/9/2007,80%,77%,2.5/5,
Happy New Year,Bollywood,N/A,10/24/2014,53%,51%,2.5/5,
Chennai Express,Bollywood,N/A,8/8/2013,53%,54%,3/5,
Fan,Bollywood,N/A,4/15/2016,80%,78%,1/5,
pk,Bollywood,N/A,12/19/2014,80%,85%,4.5/5,
Kuch Kuch Hota Hai,Bollywood,N/A,10/16/1998,80%,92%,1.5/5,
Yeh Jawaani Hai Deewani,Bollywood,N/A,5/31/2013,70%,65%,5/5,
Student of the Year,Bollywood,N/A,10/19/2012,50%,49%,2.5/5,
Student of the Year 2,Bollywood,N/A,5/10/2019,6%,21%,.5/5,
Raees,Bollywood,N/A,1/25/2017,62%,63%,3/5,
White Chicks,N/A,N/A,6/23/2004,15%,55%,2/5,
Animal,Bollywood,N/A,12/1/2023,26%,81%,.5/5,
Don,Bollywood,N/A,10/20/2006,N/A,79%,3.5/5,
Don 2,Bollywood,N/A,12/23/2011,63%,72%,5/5,
Dilwale,Bollywood,N/A,12/18/2015,20%,53%,2.5/5,
Murder Mystery,N/A,N/A,6/14/2019,43%,47%,2.5/5,
Murder Mystery 2,N/A,N/A,3/31/2023,46%,45%,2.5/5,
Episode I: The Phantom Menace,Star Wars,N/A,5/19/1999,54%,59%,2/5,https://www.youtube.com/watch?v=bD7bpG-zDJQ
Episode II: Attack of the Clones,Star Wars,N/A,5/16/2002,61%,56%,3/5,https://www.youtube.com/watch?v=gYbW1F_c9eM
Episode III: Revenge of the Sith,Star Wars,4/30/2025,5/19/2005,79%,66%,3.5/5,https://www.youtube.com/watch?v=5UnjrG_N8hU
Episode IV: A New Hope,Star Wars,N/A,5/25/1977,94%,96%,4.5/5,https://www.youtube.com/watch?v=vZ734NWnAHA
Episode V: The Empire Strikes Back,Star Wars,N/A,5/21/1980,93%,97%,5/5,https://www.youtube.com/watch?v=JNwNXF9Y6kY
Episode VI: Return of the Jedi,Star Wars,N/A,5/25/1983,84%,94%,4.5/5,https://www.youtube.com/watch?v=7L8p7_SLzvU
Episode VII: The Force Awakens,Star Wars,N/A,12/18/2015,93%,84%,4/5,https://www.youtube.com/watch?v=sGbxmsDFVnE
Episode VIII: The Last Jedi,Star Wars,N/A,12/15/2017,91%,41%,2/5,https://www.youtube.com/watch?v=Q0CbN8sfihY
Episode IX:  The Rise of Skywalker,Star Wars,N/A,12/20/2019,51%,86%,2.5/5,https://www.youtube.com/watch?v=8Qn_spdM5Zg
Rogue One,Star Wars,N/A,8/15/18,84%,87%,4/5,https://www.youtube.com/watch?v=frdj1zb9sMY
Solo,Star Wars,N/A,12/16/2016,69%,63%,3/5,https://www.youtube.com/watch?v=jPEYpryMp2s
Star Wars: The Clone Wars,Star Wars,N/A,5/25/08,18%,41%,N/A,https://www.youtube.com/watch?v=hh3P3DoZZh4
The Clone Wars,Star Wars,N/A,10/3/2008,93%,91%,N/A,https://www.youtube.com/watch?v=ZLW2jkd6E7g
The Mandalorian,Star Wars,N/A,11/12/2019,90%,78%,4/5,https://www.youtube.com/watch?v=aOC8E8z_ifw
The Book of Boba Fett,Star Wars,N/A,12/29/21,66%,49%,3.5/5,https://www.youtube.com/watch?v=rOJ1cw6mohw
Obi-Wan Kenobi,Star Wars,N/A,5/27/2022,82%,61%,3.5/5,https://www.youtube.com/watch?v=3Yh_6_zItPU
Andor,Star Wars,N/A,9/21/22,96%,89%,N/A,https://www.youtube.com/watch?v=cKOegEuCcfw
Ahsoka,Star Wars,N/A,8/22/23,85%,64%,N/A,https://www.youtube.com/watch?v=J_1EXWNETiI
The Acolyte,Star Wars,N/A,6/4/24,79%,19%,N/A,https://www.youtube.com/watch?v=6tzur6JrUEA
Skeleton Crew,Star Wars,N/A,12/2/24,92%,79%,N/A,https://www.youtube.com/watch?v=f19gfOMZTtg
Despicable Me,Despicable Me,N/A,7/9/2010,80%,83%,4/5,https://www.youtube.com/watch?v=zzCZ1W_CUoI
Despicable Me 2,Despicable Me,N/A,7/3/2013,75%,85%,4.5/5,https://www.youtube.com/watch?v=yM9sKpQOuEw
Minions,Despicable Me,N/A,7/10/2015,55%,49%,3/5,https://www.youtube.com/watch?v=eisKxhjBnZ0
Despicable Me 3,Despicable Me,N/A,6/30/2017,59%,53%,2.5/5,https://www.youtube.com/watch?v=oagwBHoh6Rs
Minions: The Rise of Gru,Despicable Me,N/A,7/1/2022,69%,89%,4/5,https://www.youtube.com/watch?v=6DxjJzmYsXo
Despicable Me 4,Despicable Me,N/A,7/3/2024,56%,86%,3.5/5,https://www.youtube.com/watch?v=qQlr9-rF32A
The Boys Season 1,The Boys,N/A,7/26/2019,85%,91%,4/5,https://www.youtube.com/watch?v=tcrNsIaQkb4
The Boys Season 2,The Boys,N/A,9/4/2020,97%,84%,4.5/5,https://www.youtube.com/watch?v=MN8fFM1ZdWo
The Boys Presents: Diabolical,The Boys,N/A,3/4/2022,97%,72%,N/A,https://www.youtube.com/watch?v=LO8mSkbppE4
The Boys Season 3,The Boys,N/A,6/3/2022,98%,76%,5/5,https://www.youtube.com/watch?v=K-8VYKUZYiw
Gen V Season 1,The Boys,N/A,9/29/2023,97%,76%,4/5,https://www.youtube.com/watch?v=uhjJ5brX-bY
The Boys Season 4,The Boys,N/A,6/13/2024,93%,54%,3/5,https://www.youtube.com/watch?v=EzFXDvC-EwM
Gen V Season 2,The Boys,N/A,9/17/2025,N/A,N/A,3.5/5,https://www.youtube.com/watch?v=6WxofgjVpXg
The Boys Season 5,The Boys,N/A,2026,N/A,N/A,N/A,
Men in Black,Men in Black,N/A,7/2/1997,91%,80%,4.5/5,https://www.youtube.com/watch?v=UxUTTrU6PA4
Men in Black II,Men in Black,N/A,7/3/2002,38%,45%,1/5,https://www.youtube.com/watch?v=DMHlNR6x2Sw
Men in Black III,Men in Black,N/A,5/25/2012,67%,70%,3/5,https://www.youtube.com/watch?v=IyaFEBI_L24
Men in Black: International,Men in Black,N/A,6/14/2019,23%,66%,1.5/5,https://www.youtube.com/watch?v=BV-WEb2oxLk
Ek Tha Tiger,YRF Spy Universe,N/A,8/15/2012,75%,49%,2/5,https://www.youtube.com/watch?v=SmUl0l8qBXw
Tiger Zinda Hai,YRF Spy Universe,N/A,12/22/2017,64%,67%,2.5/5,https://www.youtube.com/watch?v=ePO5M5DE01I
War,YRF Spy Universe,N/A,10/2/2019,67%,80%,3.5/5,https://www.youtube.com/watch?v=tQ0mzXRk-oM
Pathaan,YRF Spy Universe,N/A,1/25/2023,82%,78%,3/5,https://www.youtube.com/watch?v=vqu4z34wENw
Tiger 3,YRF Spy Universe,N/A,11/12/2023,55%,69%,1.5/5,https://www.youtube.com/watch?v=vEjTUDjjU6A
War 2,YRF Spy Universe,8/13/2025,8/14/2025,N/A,N/A,1/5,https://www.youtube.com/watch?v=mjBym9uKth4
Alpha,YRF Spy Universe,N/A,12/25/2025,N/A,N/A,N/A,N/A
Alvin and the Chipmunks,Chipmunks,N/A,12/14/2007,28%,64%,3.5/5,https://www.youtube.com/watch?v=sc-C8uumMkw
Alvin and the Chipmunks: The Squeakquel,Chipmunks,N/A,12/23/2009,21%,49%,2.5/5,https://www.youtube.com/watch?v=HwVzCtRvcyY
Alvin and the Chipmunks: Chipwrecked,Chipmunks,N/A,12/16/2011,10%,51%,4/5,https://www.youtube.com/watch?v=-dOc_fqmcZo
Alvin and the Chipmunks: The Road Chip,Chipmunks,N/A,12/18/2015,16%,51%,1/5,https://www.youtube.com/watch?v=0BwLNc1KyDQ
Mission Impossible,Mission Impossible,5/21/2025,5/22/1996,65%,71%,4/5,https://www.youtube.com/watch?v=L8Pbjh4EZRk
Mission Impossible 2,Mission Impossible,5/21/2025,5/24/2000,57%,42%,2.5/5,https://www.youtube.com/watch?v=HwXbmwTvoT4
Mission Impossible III,Mission Impossible,5/22/2025,5/5/2006,73%,69%,3.5/5,https://www.youtube.com/watch?v=4oVva0muTE8
Mission Impossible: Ghost Protocol,Mission Impossible,5/23/2025,12/21/2011,94%,76%,4.5/5,https://www.youtube.com/watch?v=m31C9DofmSo
Mission Impossible: Rogue Nation,Mission Impossible,5/23/2025,7/31/2015,94%,87%,4/5,https://www.youtube.com/watch?v=gOW_azQbOjw
Mission Impossible: Fallout,Mission Impossible,5/24/2025,7/27/2018,98%,89%,4/5,https://www.youtube.com/watch?v=wb49-oV0F78
Mission Impossible: Dead Reckoning,Mission Impossible,5/24/2025,7/12/2023,96%,94%,3.5/5,https://www.youtube.com/watch?v=avz06PDqDbM
Mission Impossible: Final Reckoning,Mission Impossible,5/25/2025,5/23/2025,80%,88%,3.5/5,https://www.youtube.com/watch?v=fsQgc9pCyDU
Rocky,Rocky,N/A,12/3/1976,93%,69%,3.5/5,https://www.youtube.com/watch?v=-Hk-LYcavrw
Rocky II,Rocky,N/A,6/15/1979,70%,82%,4/5,https://www.youtube.com/watch?v=A2P9ATb9Qx8
Rocky III,Rocky,N/A,5/28/1982,65%,74%,3/5,https://www.youtube.com/watch?v=o7vbDPUMWDc
Rocky IV,Rocky,N/A,11/27/1985,39%,79%,3/5,https://www.youtube.com/watch?v=mIE5HYkzvV0
Rocky V,Rocky,N/A,11/16/1990,32%,31%,2/5,https://www.youtube.com/watch?v=C2_k8p3RQx4
Rocky Balboa,Rocky,N/A,12/20/2006,78%,76%,1.5/5,https://www.youtube.com/watch?v=8tab8fK2_3w
Creed,Rocky,N/A,11/25/2015,95%,89%,4.5/5,https://www.youtube.com/watch?v=Uv554B7YHk4
Creed II,Rocky,N/A,11/21/2018,83%,80%,4/5,https://www.youtube.com/watch?v=cPNVNqn4T9I
Creed III,Rocky,N/A,3/3/2023,89%,95%,4.5/5,https://www.youtube.com/watch?v=AHmCH7iB_IM
Godzilla,Monsterverse,N/A,5/16/2014,76%,66%,3/5,https://www.youtube.com/watch?v=vIu85WQTPRc
Kong: Skull Island,Monsterverse,N/A,3/10/2017,75%,70%,3.5/5,https://www.youtube.com/watch?v=44LdLqgOpjo
Godzilla: King of the Monsters,Monsterverse,N/A,5/31/2019,42%,83%,3/5,https://www.youtube.com/watch?v=QFxN2oDKk0E
Godzilla vs Kong,Monsterverse,N/A,3/31/2021,76%,91%,4.5/5,https://www.youtube.com/watch?v=odM92ap8_c0
Monarch: Legacy of Monsters,Monsterverse,N/A,11/17/2023,86%,77%,N/A,https://www.youtube.com/watch?v=JLHsM4bpfxY
Godzilla x Kong: The New Empire,Monsterverse,N/A,3/29/2024,54%,89%,N/A,https://www.youtube.com/watch?v=lV1OOlGwExM
Transformers,Transformers,N/A,7/3/2007,57%,85%,4.5/5,https://www.youtube.com/watch?v=CbX_SIz_9fk
Transformers: Revenge of the Fallen,Transformers,N/A,6/24/2009,19%,57%,3.5/5,https://www.youtube.com/watch?v=fnXzKwUgDhg
Transformers: Dark of the Moon,Transformers,N/A,6/29/2011,35%,55%,3/5,https://www.youtube.com/watch?v=EkqdO8dhptc
Transformers: Age of Extinction,Transformers,N/A,6/27/2014,18%,50%,3.5/5,https://www.youtube.com/watch?v=T9bQCAWahLk
Transformers: The Last Knight,Transformers,N/A,6/21/2017,16%,43%,2.5/5,https://www.youtube.com/watch?v=6Vtf0MszgP8
Bumblebee,Transformers,N/A,12/21/2018,91%,75%,4.5/5,https://www.youtube.com/watch?v=lcwmDAYt22k
Transformers: Rise of the Beasts,Transformers,N/A,6/9/2023,51%,91%,N/A,https://www.youtube.com/watch?v=itnqEauWQZM
Transformers One,Transformers,N/A,9/20/2024,89%,97%,N/A,https://www.youtube.com/watch?v=u2NuUWuwPCM
The Fast and the Furious,Fast & Furious,N/A,6/22/2001,55%,74%,3.5/5,https://www.youtube.com/watch?v=2TAOizOnNPo
2 Fast 2 Furious,Fast & Furious,N/A,6/6/2003,37%,50%,2/5,https://www.youtube.com/watch?v=sWofeRh_53g
The Fast and the Furious: Tokyo Drift,Fast & Furious,N/A,6/16/2006,38%,69%,2.5/5,https://www.youtube.com/watch?v=p8HQ2JLlc4E
Fast & Furious,Fast & Furious,N/A,4/3/2009,29%,67%,2.5/5,https://www.youtube.com/watch?v=7GNg6rAg4hg
Fast Five,Fast & Furious,N/A,4/29/2011,78%,83%,4/5,https://www.youtube.com/watch?v=vcn2GOuZCKI
Fast & Furious 6,Fast & Furious,N/A,5/24/2013,71%,84%,4/5,https://www.youtube.com/watch?v=oc_P11PNvRs
Furious 7,Fast & Furious,N/A,4/3/2015,82%,82%,4.5/5,https://www.youtube.com/watch?v=Skpu5HaVkOc
The Fate of the Furious,Fast & Furious,N/A,4/14/2017,67%,72%,3.5/5,https://www.youtube.com/watch?v=uisBaTkQAEs
Hobbs & Shaw,Fast & Furious,N/A,8/2/2019,67%,88%,4/5,https://www.youtube.com/watch?v=9SA7FaKxZVI
F9,Fast & Furious,N/A,6/25/2021,59%,82%,3.5/5,https://www.youtube.com/watch?v=FUK2kdPsBws
Fast X,Fast & Furious,N/A,5/19/2023,56%,84%,3/5,https://www.youtube.com/watch?v=32RAq6JzY-w
Toy Story,Pixar,N/A,11/22/1995,100%,92%,5/5,https://www.youtube.com/watch?v=v-PjgYDrg70
A Bug's Life,Pixar,N/A,11/25/1998,92%,73%,N/A,
Toy Story 2,Pixar,N/A,11/24/1999,100%,87%,5/5,
Monsters Inc.,Pixar,N/A,11/2/2001,96%,90%,4.5/5,
Finding Nemo,Pixar,N/A,5/30/2003,99%,86%,4.5/5,
The Incredibles,Pixar,N/A,11/9/2004,97%,75%,4.5/5,
Cars,Pixar,N/A,6/9/2006,74%,80%,4.5/5,
Ratatouille,Pixar,N/A,6/29/2007,96%,87%,4.5/5,
WALL-E,Pixar,N/A,6/27/2008,95%,90%,5/5,
Up,Pixar,N/A,5/29/2009,98%,90%,4.5/5,
Toy Story 3,Pixar,N/A,6/18/2010,98%,90%,5/5,
Cars 2,Pixar,N/A,6/24/2011,40%,50%,5/5,
Brave,Pixar,N/A,6/22/2012,78%,75%,3.5/5,
Monsters University,Pixar,N/A,6/21/2013,80%,81%,3.5/5,
Inside Out,Pixar,N/A,6/19/2015,98%,89%,4.5/5,
The Good Dinosaur,Pixar,N/A,11/25/2015,76%,64%,N/A,
Finding Dory,Pixar,N/A,6/17/2016,94%,84%,N/A,
Cars 3,Pixar,N/A,6/16/2017,70%,69%,3.5/5,
Coco,Pixar,N/A,11/22/2017,97%,94%,5/5,
Incredibles 2,Pixar,N/A,6/15/2018,93%,84%,N/A,
Toy Story 4,Pixar,N/A,6/21/2019,96%,94%,5/5,
Onward,Pixar,N/A,6/6/2020,88%,95%,4/5,
Soul,Pixar,N/A,12/25/2020,95%,88%,N/A,
Luca,Pixar,N/A,6/18/2021,91%,84%,N/A,
Turning Red,Pixar,N/A,3/11/2022,95%,67%,N/A,
Lightyear,Pixar,N/A,6/17/2022,74%,84%,N/A,
Elemental,Pixar,N/A,6/16/2023,73%,93%,N/A,
Inside Out 2,Pixar,N/A,6/14/2024,91%,95%,N/A,
Elio,Pixar,N/A,6/20/2025,82%,90%,N/A,
Harry Potter and the Sorcerer's Stone,Harry Potter,N/A,11/16/2001,80%,82%,4/5,https://www.youtube.com/watch?v=VyHV0BRtdxo
Harry Potter and the Chamber of Secrets,Harry Potter,N/A,11/14/2002,82%,80%,4/5,https://www.youtube.com/watch?v=jBltxS8HfQ4
Harry Potter and the Prisoner of Azkaban,Harry Potter,N/A,5/31/2004,91%,86%,5/5,https://www.youtube.com/watch?v=VwErvYgoH70
Harry Potter and the Goblet of Fire,Harry Potter,N/A,11/18/2005,88%,74%,4.5/5,https://www.youtube.com/watch?v=3EGojp4Hh6I
Harry Potter and the Order of the Phoenix,Harry Potter,N/A,7/11/2007,78%,81%,3.5/5,https://www.youtube.com/watch?v=LLAaW1EgyY8
Harry Potter and the Half-Blood Prince,Harry Potter,N/A,7/15/2009,83%,78%,3.5/5,https://www.youtube.com/watch?v=tAiy66Xrsz4
Harry Potter and the Deathly Hallows Part 1,Harry Potter,N/A,11/19/2010,76%,85%,3/5,https://www.youtube.com/watch?v=MxqsmsA8y5k
Harry Potter and the Deathly Hallows Part 2,Harry Potter,N/A,7/15/2011,96%,89%,5/5,https://www.youtube.com/watch?v=mObK5XD8udk
Fantastic Beasts and Where to Find Them,Harry Potter,N/A,11/18/2016,74%,79%,N/A,https://www.youtube.com/watch?v=zoDbqo_trzE
Fantastic Beasts: The Crimes of Grindelwald,Harry Potter,N/A,11/16/18,36%,53%,N/A,https://www.youtube.com/watch?v=vvFybpmyB9E
Fantastic Beasts: The Secrets of Dumbledore,Harry Potter,N/A,5/15/2022,46%,83%,N/A,https://www.youtube.com/watch?v=Y9dr2zw-TXQ
The Karate Kid (1984),Karate Kid,N/A,6/22/1984,81%,83%,4.5/5,https://www.youtube.com/watch?v=r_8Rw16uscg
The Karate Kid Part II,Karate Kid,N/A,6/20/1986,49%,52%,4/5,https://www.youtube.com/watch?v=V-T0ajeo7xQ
The Karate Kid Part III,Karate Kid,N/A,6/30/1989,18%,35%,3/5,https://www.youtube.com/watch?v=42xkTso8krA
The Next Karate Kid,Karate Kid,N/A,8/12/1994,20%,24%,N/A,https://www.youtube.com/watch?v=Bqpr_auZ9D8
The Karate Kid (2010),Karate Kid,N/A,6/11/2010,67%,67%,2.5/5,https://www.youtube.com/watch?v=XY8amUImEu0
Cobra Kai Season 1,Karate Kid,N/A,5/2/2018,100%,95%,4.5/5,https://www.youtube.com/watch?v=lkaIYfA1WOs
Cobra Kai Season 2,Karate Kid,N/A,4/24/2019,91%,92%,3.5/5,https://www.youtube.com/watch?v=n6KJRqFa6Rk
Cobra Kai Season 3,Karate Kid,N/A,1/1/2021,90%,91%,3/5,https://www.youtube.com/watch?v=LcDQqGJG8pA
Cobra Kai Season 4,Karate Kid,N/A,12/31/2021,95%,91%,4.5/5,https://www.youtube.com/watch?v=PIKGVR73raA
Cobra Kai Season 5,Karate Kid,N/A,9/9/22,98%,92%,4/5,https://www.youtube.com/watch?v=P4BfK1LKbCY
Cobra Kai Season 6,Karate Kid,N/A,7/18/24,91%,80%,3.5/5,https://www.youtube.com/watch?v=m0aa_JaA-c8
Karate Kid: Legends,Karate Kid,6/1/2025,5/30/2025,58%,91%,3/5,https://www.youtube.com/watch?v=uPzOyzsnmio
That's My Boy,N/A,N/A,6/15/2012,20%,51%,3/5,
Khel Khel Mein,Bollywood,N/A,8/15/2024,78%,N/A,2/5,
Tu Jhooti Main Makkar,Bollywood,N/A,3/8/2023,33%,62%,3.5/5,
Fighter,Bollywood,N/A,1/25/2024,38%,88%,2/5,
Dil Dhadakne Do,Bollywood,N/A,6/5/2015,68%,72%,3.5/5,
Nadaaniyan,Bollywood,N/A,3/7/2025,12%,26%,1/5,
White Men Can't Jump,N/A,N/A,5/11/2023,26%,59%,3.5/5,
Dune Part Two,N/A,N/A,3/1/2024,92%,95%,N/A,
Pride and Prejudice,N/A,N/A,11/11/2005,87%,90%,N/A,
Dhoom,Bollywood,N/A,8/27/2004,N/A,76%,4/5,
Dhoom 3,Bollywood,N/A,12/20/2013,67%,49%,3/5,
Housefull,Housefull,N/A,4/30/2010,N/A,25%,2.5/5,
Housefull 2,Housefull,N/A,4/6/2012,25%,47%,3.5/5,
Housefull 4,Housefull,N/A,10/25/2019,33%,61%,.5/5,